1,http://www.imdb.com/title/tt0114709/
2,http://www.imdb.com/title/tt0113189/
3,http://www.imdb.com/title/tt0113101/
4,http://www.imdb.com/title/tt0113161/
5,http://www.imdb.com/title/tt0112722/
7,http://www.imdb.com/title/tt2693930/
8,http://www.imdb.com/title/tt0112431/
9,http://www.imdb.com/title/tt0112818/
10,http://www.imdb.com/title/tt0114279/
11,http://www.imdb.com/title/tt0114369/
12,http://www.imdb.com/title/tt9422720/
13,http://www.imdb.com/title/tt0113819/
14,http://www.imdb.com/title/tt0110877/
15,http://www.imdb.com/title/tt0113862/
16,http://www.imdb.com/title/tt0113149/
17,http://www.imdb.com/title/tt0116367/
18,http://www.imdb.com/title/tt0112445/
19,http://www.imdb.com/title/tt0112379/
20,http://www.imdb.com/title/tt0112365/
21,http://www.imdb.com/title/tt0117110/
22,http://www.imdb.com/title/tt0112573/
23,http://www.imdb.com/title/tt0075314/
24,http://www.imdb.com/title/tt0113326/
25,http://www.imdb.com/title/tt0115685/
26,http://www.imdb.com/title/tt6155832/
27,http://www.imdb.com/title/tt0112442/
28,http://www.imdb.com/title/tt0112384/
29,http://www.imdb.com/title/tt0112462/
30,http://www.imdb.com/title/tt0061395/
31,http://www.imdb.com/title/tt0112740/
32,http://www.imdb.com/title/tt0109508/
33,http://www.imdb.com/title/tt0112851/
34,http://www.imdb.com/title/tt0112887/
35,http://www.imdb.com/title/tt0113114/
36,http://www.imdb.com/title/tt0113729/
37,http://www.imdb.com/title/tt0110620/
38,http://www.imdb.com/title/tt0113957/
39,http://www.imdb.com/title/tt0114558/
40,http://www.imdb.com/title/tt0114682/
41,http://www.imdb.com/title/tt0112508/
42,http://www.imdb.com/title/tt0109445/
43,http://www.imdb.com/title/tt0109635/
44,http://www.imdb.com/title/tt0109642/
45,http://www.imdb.com/title/tt0111797/
46,http://www.imdb.com/title/tt0109759/
47,http://www.imdb.com/title/tt0109707/
48,http://www.imdb.com/title/tt0110057/
49,http://www.imdb.com/title/tt0110099/
50,http://www.imdb.com/title/tt10957856/
51,http://www.imdb.com/title/tt0110322/
52,http://www.imdb.com/title/tt0110428/
53,http://www.imdb.com/title/tt0110632/
54,http://www.imdb.com/title/tt0114069/
55,http://www.imdb.com/title/tt0111942/
56,http://www.imdb.com/title/tt0110912/
57,http://www.imdb.com/title/tt0110889/
58,http://www.imdb.com/title/tt0110932/
59,http://www.imdb.com/title/tt0111495/
60,http://www.imdb.com/title/tt0108394/
61,http://www.imdb.com/title/tt0111507/
62,http://www.imdb.com/title/tt0111282/
63,http://www.imdb.com/title/tt5267640/
64,http://www.imdb.com/title/tt0111161/
65,http://www.imdb.com/title/tt0108550/
66,http://www.imdb.com/title/tt0114924/
67,http://www.imdb.com/title/tt0109040/
68,http://www.imdb.com/title/tt6819318/
69,http://www.imdb.com/title/tt0109830/
70,http://www.imdb.com/title/tt0109831/
71,http://www.imdb.com/title/tt11127118/
72,http://www.imdb.com/title/tt0110912/
73,http://www.imdb.com/title/tt0110478/
74,http://www.imdb.com/title/tt12362770/
75,http://www.imdb.com/title/tt0109339/
76,http://www.imdb.com/title/tt0106519/
77,http://www.imdb.com/title/tt0106918/
78,http://www.imdb.com/title/tt0106965/
79,http://www.imdb.com/title/tt0106977/
80,http://www.imdb.com/title/tt0107144/
81,http://www.imdb.com/title/tt0476515/
82,http://www.imdb.com/title/tt0107290/
83,http://www.imdb.com/title/tt0107616/
84,http://www.imdb.com/title/tt0111003/
85,http://www.imdb.com/title/tt0110955/
86,http://www.imdb.com/title/tt0452387/
87,http://www.imdb.com/title/tt0108065/
88,http://www.imdb.com/title/tt0108160/
89,http://www.imdb.com/title/tt0083658/
90,http://www.imdb.com/title/tt0108174/
91,http://www.imdb.com/title/tt0107688/
92,http://www.imdb.com/title/tt0108399/
93,http://www.imdb.com/title/tt0114906/
94,http://www.imdb.com/title/tt0099785/
95,http://www.imdb.com/title/tt0103639/
96,http://www.imdb.com/title/tt0103064/
97,http://www.imdb.com/title/tt0099348/
98,http://www.imdb.com/title/tt11040592/
99,http://www.imdb.com/title/tt0029583/
100,http://www.imdb.com/title/tt0116282/
101,http://www.imdb.com/title/tt0082509/
102,http://www.imdb.com/title/tt0065421/
103,http://www.imdb.com/title/tt0115509/
104,http://www.imdb.com/title/tt0114658/
105,http://www.imdb.com/title/tt0117608/
106,http://www.imdb.com/title/tt0116095/
107,http://www.imdb.com/title/tt0117071/
108,http://www.imdb.com/title/tt0116768/
109,http://www.imdb.com/title/tt0117128/
110,http://www.imdb.com/title/tt0114048/
111,http://www.imdb.com/title/tt0117979/
112,http://www.imdb.com/title/tt0116322/
113,http://www.imdb.com/title/tt0113362/
114,http://www.imdb.com/title/tt2185063/
115,http://www.imdb.com/title/tt0113270/
116,http://www.imdb.com/title/tt0112701/
117,http://www.imdb.com/title/tt0117500/
118,http://www.imdb.com/title/tt0117998/
119,http://www.imdb.com/title/tt0110480/
120,http://www.imdb.com/title/tt0117765/
121,http://www.imdb.com/title/tt12397520/
122,http://www.imdb.com/title/tt0115798/
123,http://www.imdb.com/title/tt6819266/
124,http://www.imdb.com/title/tt0116905/
125,http://www.imdb.com/title/tt0117333/
126,http://www.imdb.com/title/tt0117718/
127,http://www.imdb.com/title/tt12344290/
128,http://www.imdb.com/title/tt0104558/
129,http://www.imdb.com/title/tt0115736/
130,http://www.imdb.com/title/tt0116745/
131,http://www.imdb.com/title/tt0054698/
132,http://www.imdb.com/title/tt12373948/
133,http://www.imdb.com/title/tt0031381/
134,http://www.imdb.com/title/tt0033467/
135,http://www.imdb.com/title/tt0062622/
136,http://www.imdb.com/title/tt0031679/
137,http://www.imdb.com/title/tt0115678/
138,http://www.imdb.com/title/tt0116000/
140,http://www.imdb.com/title/tt0107131/
141,http://www.imdb.com/title/tt0046672/
142,http://www.imdb.com/title/tt0066817/
143,http://www.imdb.com/title/tt11045992/
144,http://www.imdb.com/title/tt0095016/
145,http://www.imdb.com/title/tt0104692/
146,http://www.imdb.com/title/tt0118044/
147,http://www.imdb.com/title/tt0116908/
148,http://www.imdb.com/title/tt0116409/
149,http://www.imdb.com/title/tt0116722/
150,http://www.imdb.com/title/tt0117802/
151,http://www.imdb.com/title/tt0067992/
152,http://www.imdb.com/title/tt0070707/
153,http://www.imdb.com/title/tt0095159/
154,http://www.imdb.com/title/tt0079470/
155,http://www.imdb.com/title/tt0092890/
156,http://www.imdb.com/title/tt0105236/
157,http://www.imdb.com/title/tt0091763/
158,http://www.imdb.com/title/tt0098627/
159,http://www.imdb.com/title/tt0103772/
160,http://www.imdb.com/title/tt0104348/
161,http://www.imdb.com/title/tt0092099/
162,http://www.imdb.com/title/tt0082846/
163,http://www.imdb.com/title/tt0072081/
164,http://www.imdb.com/title/tt0096754/
165,http://www.imdb.com/title/tt0091288/
166,http://www.imdb.com/title/tt0091480/
167,http://www.imdb.com/title/tt0081375/
168,http://www.imdb.com/title/tt0071853/
169,http://www.imdb.com/title/tt0108598/
170,http://www.imdb.com/title/tt0095765/
171,http://www.imdb.com/title/tt0101700/
172,http://www.imdb.com/title/tt2266455/
173,http://www.imdb.com/title/tt12389488/
174,http://www.imdb.com/title/tt0082971/
175,http://www.imdb.com/title/tt0088846/
176,http://www.imdb.com/title/tt0090605/
177,http://www.imdb.com/title/tt12344294/
178,http://www.imdb.com/title/tt0050083/
179,http://www.imdb.com/title/tt0066921/
180,http://www.imdb.com/title/tt0078788/
181,http://www.imdb.com/title/tt2301123/
182,http://www.imdb.com/title/tt0099685/
183,http://www.imdb.com/title/tt0078748/
184,http://www.imdb.com/title/tt0106308/
185,http://www.imdb.com/title/tt0054215/
186,http://www.imdb.com/title/tt12557836/
187,http://www.imdb.com/title/tt12416288/
188,http://www.imdb.com/title/tt0093058/
190,http://www.imdb.com/title/tt0097499/
191,http://www.imdb.com/title/tt0086879/
192,http://www.imdb.com/title/tt0081398/
193,http://www.imdb.com/title/tt1453707/
194,http://www.imdb.com/title/tt0070735/
195,http://www.imdb.com/title/tt10510546/
196,http://www.imdb.com/title/tt0097165/
197,http://www.imdb.com/title/tt0061722/
198,http://www.imdb.com/title/tt0100263/
199,http://www.imdb.com/title/tt0050212/
200,http://www.imdb.com/title/tt0081505/
201,http://www.imdb.com/title/tt0092991/
202,http://www.imdb.com/title/tt0107048/
203,http://www.imdb.com/title/tt0105695/
204,http://www.imdb.com/title/tt0088763/
205,http://www.imdb.com/title/tt0066206/
206,http://www.imdb.com/title/tt0094625/
207,http://www.imdb.com/title/tt0099334/
208,http://www.imdb.com/title/tt0072431/
209,http://www.imdb.com/title/tt0088258/
210,http://www.imdb.com/title/tt0097576/
211,http://www.imdb.com/title/tt12677056/
212,http://www.imdb.com/title/tt0096332/
213,http://www.imdb.com/title/tt1150335/
214,http://www.imdb.com/title/tt0084503/
215,http://www.imdb.com/title/tt0097351/
216,http://www.imdb.com/title/tt0098635/
217,http://www.imdb.com/title/tt0103874/
218,http://www.imdb.com/title/tt0101540/
219,http://www.imdb.com/title/tt0087800/
220,http://www.imdb.com/title/tt0117057/
221,http://www.imdb.com/title/tt0115751/
222,http://www.imdb.com/title/tt0117731/
223,http://www.imdb.com/title/tt0117666/
224,http://www.imdb.com/title/tt0117477/
225,http://www.imdb.com/title/tt0115433/
226,http://www.imdb.com/title/tt0099423/
227,http://www.imdb.com/title/tt0102975/
228,http://www.imdb.com/title/tt0084726/
229,http://www.imdb.com/title/tt0088170/
230,http://www.imdb.com/title/tt0092007/
231,http://www.imdb.com/title/tt0103776/
232,http://www.imdb.com/title/tt0096487/
233,http://www.imdb.com/title/tt0105690/
234,http://www.imdb.com/title/tt0073195/
235,http://www.imdb.com/title/tt0116996/
236,http://www.imdb.com/title/tt0115906/
237,http://www.imdb.com/title/tt0116695/
238,http://www.imdb.com/title/tt0093822/
239,http://www.imdb.com/title/tt0105435/
240,http://www.imdb.com/title/tt0115641/
241,http://www.imdb.com/title/tt0104691/
242,http://www.imdb.com/title/tt0116790/
244,http://www.imdb.com/title/tt0120152/
245,http://www.imdb.com/title/tt0118972/
246,http://www.imdb.com/title/tt0118842/
247,http://www.imdb.com/title/tt0120389/
248,http://www.imdb.com/title/tt0119229/
249,http://www.imdb.com/title/tt0118655/
250,http://www.imdb.com/title/tt0119116/
251,http://www.imdb.com/title/tt0117615/
252,http://www.imdb.com/title/tt0119567/
253,http://www.imdb.com/title/tt6166230/
254,http://www.imdb.com/title/tt0118688/
255,http://www.imdb.com/title/tt0119738/
256,http://www.imdb.com/title/tt0115856/
257,http://www.imdb.com/title/tt0119654/
258,http://www.imdb.com/title/tt0118884/
259,http://www.imdb.com/title/tt0119190/
260,http://www.imdb.com/title/tt0119081/
261,http://www.imdb.com/title/tt0118570/
262,http://www.imdb.com/title/tt0119361/
263,http://www.imdb.com/title/tt0120207/
264,http://www.imdb.com/title/tt0119675/
265,http://www.imdb.com/title/tt0099810/
266,http://www.imdb.com/title/tt0119484/
267,http://www.imdb.com/title/tt1401152/
268,http://www.imdb.com/title/tt0118842/
269,http://www.imdb.com/title/tt0119164/
270,http://www.imdb.com/title/tt0119177/
271,http://www.imdb.com/title/tt0120201/
272,http://www.imdb.com/title/tt0119217/
273,http://www.imdb.com/title/tt0113277/
274,http://www.imdb.com/title/tt0114319/
275,http://www.imdb.com/title/tt0114388/
276,http://www.imdb.com/title/tt0113627/
277,http://www.imdb.com/title/tt0114272/
278,http://www.imdb.com/title/tt0115644/
279,http://www.imdb.com/title/tt0114039/
280,http://www.imdb.com/title/tt0497080/
281,http://www.imdb.com/title/tt0110997/
282,http://www.imdb.com/title/tt12706582/
283,http://www.imdb.com/title/tt0116191/
284,http://www.imdb.com/title/tt0117918/
285,http://www.imdb.com/title/tt0117589/
286,http://www.imdb.com/title/tt0116209/
287,http://www.imdb.com/title/tt0116999/
288,http://www.imdb.com/title/tt0117571/
289,http://www.imdb.com/title/tt0116250/
290,http://www.imdb.com/title/tt0119115/
291,http://www.imdb.com/title/tt0118548/
292,http://www.imdb.com/title/tt0120036/
293,http://www.imdb.com/title/tt0119008/
294,http://www.imdb.com/title/tt0119528/
295,http://www.imdb.com/title/tt0118771/
296,http://www.imdb.com/title/tt0117398/
297,http://www.imdb.com/title/tt0120402/
298,http://www.imdb.com/title/tt0119094/
299,http://www.imdb.com/title/tt0119311/
300,http://www.imdb.com/title/tt0118571/
301,http://www.imdb.com/title/tt0119360/
302,http://www.imdb.com/title/tt0119488/
303,http://www.imdb.com/title/tt0120402/
304,http://www.imdb.com/title/tt0116329/
305,http://www.imdb.com/title/tt0119349/
306,http://www.imdb.com/title/tt0119280/
307,http://www.imdb.com/title/tt0118971/
308,http://www.imdb.com/title/tt0119095/
309,http://www.imdb.com/title/tt0119527/
310,http://www.imdb.com/title/tt0541748/
311,http://www.imdb.com/title/tt1013676/
312,http://www.imdb.com/title/tt0119668/
313,http://www.imdb.com/title/tt0120338/
314,http://www.imdb.com/title/tt0118539/
315,http://www.imdb.com/title/tt0118636/
316,http://www.imdb.com/title/tt0119822/
317,http://www.imdb.com/title/tt0107207/
318,http://www.imdb.com/title/tt0108052/
319,http://www.imdb.com/title/tt0116242/
320,http://www.imdb.com/title/tt0117293/
321,http://www.imdb.com/title/tt0117091/
322,http://www.imdb.com/title/tt0119731/
323,http://www.imdb.com/title/tt0118928/
324,http://www.imdb.com/title/tt0116922/
325,http://www.imdb.com/title/tt0115964/
326,http://www.imdb.com/title/tt0119173/
327,http://www.imdb.com/title/tt0118887/
328,http://www.imdb.com/title/tt0118883/
329,http://www.imdb.com/title/tt0118966/
330,http://www.imdb.com/title/tt0118531/
331,http://www.imdb.com/title/tt0119051/
332,http://www.imdb.com/title/tt0119468/
333,http://www.imdb.com/title/tt0119174/
334,http://www.imdb.com/title/tt0120399/
335,http://www.imdb.com/title/tt0119326/
336,http://www.imdb.com/title/tt0119906/
337,http://www.imdb.com/title/tt0119324/
338,http://www.imdb.com/title/tt0118689/
339,http://www.imdb.com/title/tt0119592/
340,http://www.imdb.com/title/tt0118749/
341,http://www.imdb.com/title/tt0118901/
342,http://www.imdb.com/title/tt0120483/
343,http://www.imdb.com/title/tt0118583/
344,http://www.imdb.com/title/tt0118632/
345,http://www.imdb.com/title/tt0118954/
346,http://www.imdb.com/title/tt0119396/
347,http://www.imdb.com/title/tt0120885/
348,http://www.imdb.com/title/tt0118966/
349,http://www.imdb.com/title/tt0120696/
350,http://www.imdb.com/title/tt0119099/
351,http://www.imdb.com/title/tt0118643/
352,http://www.imdb.com/title/tt0120185/
353,http://www.imdb.com/title/tt0118956/
354,http://www.imdb.com/title/tt13255562/
355,http://www.imdb.com/title/tt0120184/
356,http://www.imdb.com/title/tt0109446/
357,http://www.imdb.com/title/tt0073486/
358,http://www.imdb.com/title/tt0120177/
359,http://www.imdb.com/title/tt1419879/
360,http://www.imdb.com/title/tt0120529/
361,http://www.imdb.com/title/tt0119365/
362,http://www.imdb.com/title/tt0118747/
363,http://www.imdb.com/title/tt0114576/
364,http://www.imdb.com/title/tt0112281/
365,http://www.imdb.com/title/tt0114168/
366,http://www.imdb.com/title/tt0112792/
367,http://www.imdb.com/title/tt0112697/
368,http://www.imdb.com/title/tt0115683/
369,http://www.imdb.com/title/tt0115697/
370,http://www.imdb.com/title/tt0117002/
371,http://www.imdb.com/title/tt0112579/
372,http://www.imdb.com/title/tt0113464/
373,http://www.imdb.com/title/tt0113492/
374,http://www.imdb.com/title/tt0113820/
375,http://www.imdb.com/title/tt0114436/
376,http://www.imdb.com/title/tt0570070/
377,http://www.imdb.com/title/tt0110006/
378,http://www.imdb.com/title/tt0110527/
379,http://www.imdb.com/title/tt13321456/
380,http://www.imdb.com/title/tt0111280/
381,http://www.imdb.com/title/tt0110598/
382,http://www.imdb.com/title/tt0109045/
383,http://www.imdb.com/title/tt7266162/
384,http://www.imdb.com/title/tt0110622/
385,http://www.imdb.com/title/tt0111503/
386,http://www.imdb.com/title/tt0106220/
387,http://www.imdb.com/title/tt0402289/
388,http://www.imdb.com/title/tt0109254/
389,http://www.imdb.com/title/tt0109279/
390,http://www.imdb.com/title/tt0106880/
391,http://www.imdb.com/title/tt0107362/
392,http://www.imdb.com/title/tt0107501/
393,http://www.imdb.com/title/tt0107614/
394,http://www.imdb.com/title/tt0110939/
395,http://www.imdb.com/title/tt0107977/
396,http://www.imdb.com/title/tt0111127/
397,http://www.imdb.com/title/tt0108238/
398,http://www.imdb.com/title/tt0108255/
399,http://www.imdb.com/title/tt0232399/
400,http://www.imdb.com/title/tt3633424/
401,http://www.imdb.com/title/tt0112572/
402,http://www.imdb.com/title/tt0099653/
403,http://www.imdb.com/title/tt0096895/
404,http://www.imdb.com/title/tt0032910/
405,http://www.imdb.com/title/tt0117060/
406,http://www.imdb.com/title/tt0117894/
407,http://www.imdb.com/title/tt0117723/
408,http://www.imdb.com/title/tt0112691/
409,http://www.imdb.com/title/tt0116669/
410,http://www.imdb.com/title/tt0116778/
411,http://www.imdb.com/title/tt6154574/
412,http://www.imdb.com/title/tt0118073/
413,http://www.imdb.com/title/tt0117826/
414,http://www.imdb.com/title/tt0084370/
415,http://www.imdb.com/title/tt0072653/
416,http://www.imdb.com/title/tt0050798/
417,http://www.imdb.com/title/tt5289804/
418,http://www.imdb.com/title/tt0042332/
419,http://www.imdb.com/title/tt0058331/
420,http://www.imdb.com/title/tt0043274/
421,http://www.imdb.com/title/tt0117509/
422,http://www.imdb.com/title/tt0115491/
423,http://www.imdb.com/title/tt0083866/
424,http://www.imdb.com/title/tt0115885/
425,http://www.imdb.com/title/tt0103850/
426,http://www.imdb.com/title/tt0092106/
427,http://www.imdb.com/title/tt0056592/
428,http://www.imdb.com/title/tt0067185/
429,http://www.imdb.com/title/tt0970416/
430,http://www.imdb.com/title/tt0023969/
431,http://www.imdb.com/title/tt0091203/
432,http://www.imdb.com/title/tt0032455/
433,http://www.imdb.com/title/tt0097493/
434,http://www.imdb.com/title/tt0049223/
435,http://www.imdb.com/title/tt0064115/
436,http://www.imdb.com/title/tt0082010/
437,http://www.imdb.com/title/tt0103678/
438,http://www.imdb.com/title/tt0085159/
439,http://www.imdb.com/title/tt0106262/
440,http://www.imdb.com/title/tt0083550/
441,http://www.imdb.com/title/tt0096808/
442,http://www.imdb.com/title/tt0099030/
443,http://www.imdb.com/title/tt11085962/
444,http://www.imdb.com/title/tt8978378/
445,http://www.imdb.com/title/tt4810784/
446,http://www.imdb.com/title/tt0074258/
447,http://www.imdb.com/title/tt0074285/
448,http://www.imdb.com/title/tt12917490/
449,http://www.imdb.com/title/tt0079945/
450,http://www.imdb.com/title/tt0098382/
451,http://www.imdb.com/title/tt0077631/
452,http://www.imdb.com/title/tt0077766/
453,http://www.imdb.com/title/tt0085750/
454,http://www.imdb.com/title/tt0115633/
455,http://www.imdb.com/title/tt0116704/
456,http://www.imdb.com/title/tt0118708/
457,http://www.imdb.com/title/tt0119152/
458,http://www.imdb.com/title/tt0113987/
459,http://www.imdb.com/title/tt0112749/
460,http://www.imdb.com/title/tt10129264/
461,http://www.imdb.com/title/tt0114478/
462,http://www.imdb.com/title/tt0103994/
463,http://www.imdb.com/title/tt0111112/
464,http://www.imdb.com/title/tt0111590/
465,http://www.imdb.com/title/tt11908836/
466,http://www.imdb.com/title/tt0105226/
467,http://www.imdb.com/title/tt0106489/
468,http://www.imdb.com/title/tt0108002/
469,http://www.imdb.com/title/tt0108122/
470,http://www.imdb.com/title/tt0108358/
471,http://www.imdb.com/title/tt0115956/
472,http://www.imdb.com/title/tt0116136/
473,http://www.imdb.com/title/tt0116683/
474,http://www.imdb.com/title/tt0057012/
475,http://www.imdb.com/title/tt0117951/
476,http://www.imdb.com/title/tt0116313/
477,http://www.imdb.com/title/tt0117008/
478,http://www.imdb.com/title/tt9353824/
479,http://www.imdb.com/title/tt0052357/
480,http://www.imdb.com/title/tt0053125/
481,http://www.imdb.com/title/tt1819509/
482,http://www.imdb.com/title/tt0053291/
483,http://www.imdb.com/title/tt0034583/
484,http://www.imdb.com/title/tt11681938/
485,http://www.imdb.com/title/tt0058385/
486,http://www.imdb.com/title/tt0047437/
487,http://www.imdb.com/title/tt0046250/
488,http://www.imdb.com/title/tt0043014/
489,http://www.imdb.com/title/tt0038787/
490,http://www.imdb.com/title/tt0048728/
491,http://www.imdb.com/title/tt0029843/
492,http://www.imdb.com/title/tt0048028/
493,http://www.imdb.com/title/tt11137686/
494,http://www.imdb.com/title/tt0032599/
495,http://www.imdb.com/title/tt0048960/
496,http://www.imdb.com/title/tt0038650/
497,http://www.imdb.com/title/tt0029947/
498,http://www.imdb.com/title/tt6558218/
499,http://www.imdb.com/title/tt0051459/
500,http://www.imdb.com/title/tt0116329/
501,http://www.imdb.com/title/tt0033563/
502,http://www.imdb.com/title/tt0066808/
503,http://www.imdb.com/title/tt0068334/
504,http://www.imdb.com/title/tt0061418/
505,http://www.imdb.com/title/tt0046912/
506,http://www.imdb.com/title/tt0048545/
507,http://www.imdb.com/title/tt0044081/
508,http://www.imdb.com/title/tt0117318/
509,http://www.imdb.com/title/tt0097937/
510,http://www.imdb.com/title/tt2404435/
511,http://www.imdb.com/title/tt0056172/
512,http://www.imdb.com/title/tt0093191/
513,http://www.imdb.com/title/tt0041959/
514,http://www.imdb.com/title/tt0075686/
515,http://www.imdb.com/title/tt0082096/
516,http://www.imdb.com/title/tt0085859/
517,http://www.imdb.com/title/tt0079522/
518,http://www.imdb.com/title/tt0100150/
519,http://www.imdb.com/title/tt0040897/
520,http://www.imdb.com/title/tt0373873/
521,http://www.imdb.com/title/tt0077416/
522,http://www.imdb.com/title/tt0090967/
523,http://www.imdb.com/title/tt0061512/
524,http://www.imdb.com/title/tt6808206/
525,http://www.imdb.com/title/tt0038355/
526,http://www.imdb.com/title/tt0052618/
527,http://www.imdb.com/title/tt0083987/
528,http://www.imdb.com/title/tt1217261/
529,http://www.imdb.com/title/tt0089606/
530,http://www.imdb.com/title/tt0073341/
531,http://www.imdb.com/title/tt0117631/
532,http://www.imdb.com/title/tt0116743/
533,http://www.imdb.com/title/tt0116041/
534,http://www.imdb.com/title/tt0120366/
535,http://www.imdb.com/title/tt0118556/
536,http://www.imdb.com/title/tt0117359/
537,http://www.imdb.com/title/tt0102494/
538,http://www.imdb.com/title/tt0118617/
540,http://www.imdb.com/title/tt0113845/
541,http://www.imdb.com/title/tt0113855/
542,http://www.imdb.com/title/tt0114148/
544,http://www.imdb.com/title/tt0114660/
545,http://www.imdb.com/title/tt0114825/
546,http://www.imdb.com/title/tt0115759/
547,http://www.imdb.com/title/tt0115033/
548,http://www.imdb.com/title/tt0110647/
549,http://www.imdb.com/title/tt0114287/
550,http://www.imdb.com/title/tt0112864/
551,http://www.imdb.com/title/tt0113690/
552,http://www.imdb.com/title/tt0114508/
553,http://www.imdb.com/title/tt0114887/
554,http://www.imdb.com/title/tt0114898/
555,http://www.imdb.com/title/tt0114928/
556,http://www.imdb.com/title/tt0114938/
557,http://www.imdb.com/title/tt0109771/
558,http://www.imdb.com/title/tt0110005/
559,http://www.imdb.com/title/tt0110148/
560,http://www.imdb.com/title/tt0113538/
561,http://www.imdb.com/title/tt0109836/
562,http://www.imdb.com/title/tt7221904/
563,http://www.imdb.com/title/tt0112040/
564,http://www.imdb.com/title/tt0114609/
565,http://www.imdb.com/title/tt0114852/
566,http://www.imdb.com/title/tt0109444/
567,http://www.imdb.com/title/tt0111686/
568,http://www.imdb.com/title/tt0111257/
569,http://www.imdb.com/title/tt0111742/
570,http://www.imdb.com/title/tt0111756/
571,http://www.imdb.com/title/tt0106292/
572,http://www.imdb.com/title/tt0109303/
573,http://www.imdb.com/title/tt0106452/
574,http://www.imdb.com/title/tt0106471/
575,http://www.imdb.com/title/tt0109439/
576,http://www.imdb.com/title/tt0106582/
577,http://www.imdb.com/title/tt0106598/
578,http://www.imdb.com/title/tt0106697/
579,http://www.imdb.com/title/tt0106873/
580,http://www.imdb.com/title/tt0112966/
581,http://www.imdb.com/title/tt0107302/
582,http://www.imdb.com/title/tt0107822/
583,http://www.imdb.com/title/tt0107983/
584,http://www.imdb.com/title/tt1596204/
585,http://www.imdb.com/title/tt0108186/
586,http://www.imdb.com/title/tt0111400/
587,http://www.imdb.com/title/tt0107146/
588,http://www.imdb.com/title/tt0101414/
589,http://www.imdb.com/title/tt0065214/
590,http://www.imdb.com/title/tt0116514/
591,http://www.imdb.com/title/tt0117381/
592,http://www.imdb.com/title/tt0114736/
593,http://www.imdb.com/title/tt0108211/
594,http://www.imdb.com/title/tt0113280/
595,http://www.imdb.com/title/tt1655606/
596,http://www.imdb.com/title/tt0116583/
597,http://www.imdb.com/title/tt0116213/
598,http://www.imdb.com/title/tt0115680/
599,http://www.imdb.com/title/tt0106544/
600,http://www.imdb.com/title/tt0117496/
601,http://www.imdb.com/title/tt0035896/
602,http://www.imdb.com/title/tt12274298/
603,http://www.imdb.com/title/tt0047396/
604,http://www.imdb.com/title/tt0025316/
605,http://www.imdb.com/title/tt0037059/
606,http://www.imdb.com/title/tt0042192/
607,http://www.imdb.com/title/tt0032976/
608,http://www.imdb.com/title/tt0038109/
609,http://www.imdb.com/title/tt0042451/
610,http://www.imdb.com/title/tt0051658/
611,http://www.imdb.com/title/tt0037008/
612,http://www.imdb.com/title/tt0029162/
613,http://www.imdb.com/title/tt0028010/
614,http://www.imdb.com/title/tt0049261/
615,http://www.imdb.com/title/tt0026029/
616,http://www.imdb.com/title/tt0063350/
617,http://www.imdb.com/title/tt0020697/
618,http://www.imdb.com/title/tt0048491/
619,http://www.imdb.com/title/tt0116259/
620,http://www.imdb.com/title/tt0115862/
621,http://www.imdb.com/title/tt0047977/
622,http://www.imdb.com/title/tt0054357/
623,http://www.imdb.com/title/tt0109127/
625,http://www.imdb.com/title/tt0057546/
626,http://www.imdb.com/title/tt0041890/
627,http://www.imdb.com/title/tt0102798/
628,http://www.imdb.com/title/tt0117665/
629,http://www.imdb.com/title/tt0084865/
630,http://www.imdb.com/title/tt8106674/
631,http://www.imdb.com/title/tt13009742/
632,http://www.imdb.com/title/tt0084707/
633,http://www.imdb.com/title/tt7686464/
634,http://www.imdb.com/title/tt0117040/
635,http://www.imdb.com/title/tt11963528/
636,http://www.imdb.com/title/tt0082340/
637,http://www.imdb.com/title/tt10886080/
638,http://www.imdb.com/title/tt0084589/
639,http://www.imdb.com/title/tt0078875/
640,http://www.imdb.com/title/tt0097108/
641,http://www.imdb.com/title/tt0050825/
642,http://www.imdb.com/title/tt0099703/
643,http://www.imdb.com/title/tt0110139/
644,http://www.imdb.com/title/tt2561666/
645,http://www.imdb.com/title/tt0100332/
646,http://www.imdb.com/title/tt0064116/
647,http://www.imdb.com/title/tt0089881/
648,http://www.imdb.com/title/tt0045061/
649,http://www.imdb.com/title/tt0087843/
650,http://www.imdb.com/title/tt0050976/
651,http://www.imdb.com/title/tt0097441/
652,http://www.imdb.com/title/tt0100519/
653,http://www.imdb.com/title/tt0052311/
654,http://www.imdb.com/title/tt0071315/
655,http://www.imdb.com/title/tt0092005/
656,http://www.imdb.com/title/tt0022100/
657,http://www.imdb.com/title/tt0368008/
658,http://www.imdb.com/title/tt0100436/
659,http://www.imdb.com/title/tt0036613/
660,http://www.imdb.com/title/tt0101921/
661,http://www.imdb.com/title/tt0044706/
662,http://www.imdb.com/title/tt0081534/
663,http://www.imdb.com/title/tt0078841/
664,http://www.imdb.com/title/tt0087884/
665,http://www.imdb.com/title/tt8260538/
666,http://www.imdb.com/title/tt0071233/
667,http://www.imdb.com/title/tt0075704/
668,http://www.imdb.com/title/tt10878546/
669,http://www.imdb.com/title/tt0101492/
670,http://www.imdb.com/title/tt0106452/
671,http://www.imdb.com/title/tt1682708/
672,http://www.imdb.com/title/tt0103919/
673,http://www.imdb.com/title/tt0055824/
674,http://www.imdb.com/title/tt0083722/
675,http://www.imdb.com/title/tt0013442/
676,http://www.imdb.com/title/tt0115988/
677,http://www.imdb.com/title/tt0116310/
678,http://www.imdb.com/title/tt0120461/
679,http://www.imdb.com/title/tt0082198/
680,http://www.imdb.com/title/tt0119484/
681,http://www.imdb.com/title/tt0120524/
682,http://www.imdb.com/title/tt0119345/
683,http://www.imdb.com/title/tt0120029/
684,http://www.imdb.com/title/tt0107206/
685,http://www.imdb.com/title/tt0116253/
686,http://www.imdb.com/title/tt0107808/
687,http://www.imdb.com/title/tt0119640/
688,http://www.imdb.com/title/tt0119509/
689,http://www.imdb.com/title/tt0119395/
690,http://www.imdb.com/title/tt0120102/
691,http://www.imdb.com/title/tt0118929/
692,http://www.imdb.com/title/tt0112346/
693,http://www.imdb.com/title/tt0112641/
694,http://www.imdb.com/title/tt0114117/
695,http://www.imdb.com/title/tt0113537/
696,http://www.imdb.com/title/tt0115907/
697,http://www.imdb.com/title/tt0112461/
698,http://www.imdb.com/title/tt0109340/
699,http://www.imdb.com/title/tt0110367/
700,http://www.imdb.com/title/tt0113808/
701,http://www.imdb.com/title/tt0107472/
702,http://www.imdb.com/title/tt0109219/
703,http://www.imdb.com/title/tt0111712/
704,http://www.imdb.com/title/tt0107151/
705,http://www.imdb.com/title/tt0045152/
706,http://www.imdb.com/title/tt0115610/
707,http://www.imdb.com/title/tt0101811/
708,http://www.imdb.com/title/tt0098724/
709,http://www.imdb.com/title/tt0105488/
710,http://www.imdb.com/title/tt0088794/
711,http://www.imdb.com/title/tt0117773/
712,http://www.imdb.com/title/tt0094155/
713,http://www.imdb.com/title/tt0114057/
714,http://www.imdb.com/title/tt0112637/
715,http://www.imdb.com/title/tt0114681/
716,http://www.imdb.com/title/tt0113321/
717,http://www.imdb.com/title/tt0116731/
718,http://www.imdb.com/title/tt0602570/
719,http://www.imdb.com/title/tt0109370/
720,http://www.imdb.com/title/tt0113071/
721,http://www.imdb.com/title/tt0113749/
722,http://www.imdb.com/title/tt0113986/
723,http://www.imdb.com/title/tt0112571/
724,http://www.imdb.com/title/tt0112679/
725,http://www.imdb.com/title/tt0109758/
726,http://www.imdb.com/title/tt0113089/
727,http://www.imdb.com/title/tt0110116/
728,http://www.imdb.com/title/tt0110216/
729,http://www.imdb.com/title/tt0110638/
730,http://www.imdb.com/title/tt0110963/
731,http://www.imdb.com/title/tt0109484/
732,http://www.imdb.com/title/tt0106673/
733,http://www.imdb.com/title/tt0109913/
734,http://www.imdb.com/title/tt0107478/
735,http://www.imdb.com/title/tt0107818/
736,http://www.imdb.com/title/tt0108101/
737,http://www.imdb.com/title/tt0111201/
738,http://www.imdb.com/title/tt0111418/
739,http://www.imdb.com/title/tt0100405/
740,http://www.imdb.com/title/tt0116684/
741,http://www.imdb.com/title/tt9416830/
742,http://www.imdb.com/title/tt0117438/
743,http://www.imdb.com/title/tt0115986/
744,http://www.imdb.com/title/tt0117039/
745,http://www.imdb.com/title/tt0069198/
746,http://www.imdb.com/title/tt0089886/
747,http://www.imdb.com/title/tt0106387/
748,http://www.imdb.com/title/tt0120053/
749,http://www.imdb.com/title/tt5191302/
750,http://www.imdb.com/title/tt0118607/
751,http://www.imdb.com/title/tt0120347/
752,http://www.imdb.com/title/tt0120008/
753,http://www.imdb.com/title/tt0111579/
754,http://www.imdb.com/title/tt0119994/
755,http://www.imdb.com/title/tt0113497/
756,http://www.imdb.com/title/tt0113041/
757,http://www.imdb.com/title/tt0112286/
758,http://www.imdb.com/title/tt0116839/
759,http://www.imdb.com/title/tt0113010/
760,http://www.imdb.com/title/tt0114367/
761,http://www.imdb.com/title/tt0113972/
762,http://www.imdb.com/title/tt0115639/
763,http://www.imdb.com/title/tt0116483/
764,http://www.imdb.com/title/tt0116606/
765,http://www.imdb.com/title/tt0103859/
766,http://www.imdb.com/title/tt0113756/
767,http://www.imdb.com/title/tt9239510/
768,http://www.imdb.com/title/tt0112642/
769,http://www.imdb.com/title/tt0112715/
770,http://www.imdb.com/title/tt0112857/
771,http://www.imdb.com/title/tt0113481/
772,http://www.imdb.com/title/tt0113540/
773,http://www.imdb.com/title/tt0110604/
774,http://www.imdb.com/title/tt0114194/
775,http://www.imdb.com/title/tt0114496/
776,http://www.imdb.com/title/tt0114663/
777,http://www.imdb.com/title/tt0112643/
778,http://www.imdb.com/title/tt0112883/
779,http://www.imdb.com/title/tt0109676/
780,http://www.imdb.com/title/tt10713178/
781,http://www.imdb.com/title/tt0113117/
782,http://www.imdb.com/title/tt0110365/
783,http://www.imdb.com/title/tt0110516/
784,http://www.imdb.com/title/tt0106402/
785,http://www.imdb.com/title/tt0110737/
786,http://www.imdb.com/title/tt1609903/
787,http://www.imdb.com/title/tt0114296/
788,http://www.imdb.com/title/tt0110965/
789,http://www.imdb.com/title/tt11343686/
790,http://www.imdb.com/title/tt0114694/
791,http://www.imdb.com/title/tt0112435/
792,http://www.imdb.com/title/tt0109348/
793,http://www.imdb.com/title/tt0109504/
794,http://www.imdb.com/title/tt0110167/
795,http://www.imdb.com/title/tt11740268/
796,http://www.imdb.com/title/tt0111256/
797,http://www.imdb.com/title/tt0111438/
798,http://www.imdb.com/title/tt0112443/
799,http://www.imdb.com/title/tt0164317/
800,http://www.imdb.com/title/tt0113409/
801,http://www.imdb.com/title/tt0109067/
802,http://www.imdb.com/title/tt0107076/
803,http://www.imdb.com/title/tt0107096/
804,http://www.imdb.com/title/tt0110197/
805,http://www.imdb.com/title/tt0107507/
806,http://www.imdb.com/title/tt0107554/
807,http://www.imdb.com/title/tt0107840/
808,http://www.imdb.com/title/tt0107889/
809,http://www.imdb.com/title/tt0107969/
810,http://www.imdb.com/title/tt6855746/
811,http://www.imdb.com/title/tt0108328/
812,http://www.imdb.com/title/tt0109120/
813,http://www.imdb.com/title/tt5553584/
814,http://www.imdb.com/title/tt0109934/
815,http://www.imdb.com/title/tt0117247/
816,http://www.imdb.com/title/tt0112625/
817,http://www.imdb.com/title/tt0113122/
818,http://www.imdb.com/title/tt0116414/
819,http://www.imdb.com/title/tt0116168/
820,http://www.imdb.com/title/tt0117705/
821,http://www.imdb.com/title/tt0117104/
822,http://www.imdb.com/title/tt0062952/
823,http://www.imdb.com/title/tt0117107/
824,http://www.imdb.com/title/tt6154544/
825,http://www.imdb.com/title/tt0115571/
826,http://www.imdb.com/title/tt6823324/
827,http://www.imdb.com/title/tt0116040/
828,http://www.imdb.com/title/tt0115493/
829,http://www.imdb.com/title/tt0116320/
831,http://www.imdb.com/title/tt0116225/
832,http://www.imdb.com/title/tt0115725/
833,http://www.imdb.com/title/tt0115783/
834,http://www.imdb.com/title/tt0113253/
835,http://www.imdb.com/title/tt0025164/
836,http://www.imdb.com/title/tt0031725/
837,http://www.imdb.com/title/tt0033891/
838,http://www.imdb.com/title/tt0091229/
839,http://www.imdb.com/title/tt1208041/
840,http://www.imdb.com/title/tt0116830/
841,http://www.imdb.com/title/tt0116421/
842,http://www.imdb.com/title/tt0054195/
843,http://www.imdb.com/title/tt2132787/
844,http://www.imdb.com/title/tt0116361/
845,http://www.imdb.com/title/tt0117887/
846,http://www.imdb.com/title/tt0117924/
847,http://www.imdb.com/title/tt0116913/
848,http://www.imdb.com/title/tt0037101/
849,http://www.imdb.com/title/tt0099371/
850,http://www.imdb.com/title/tt6971114/
851,http://www.imdb.com/title/tt4474042/
852,http://www.imdb.com/title/tt0115715/
853,http://www.imdb.com/title/tt4508316/
854,http://www.imdb.com/title/tt0092610/
855,http://www.imdb.com/title/tt0082269/
856,http://www.imdb.com/title/tt0102536/
857,http://www.imdb.com/title/tt0114093/
858,http://www.imdb.com/title/tt0115535/
859,http://www.imdb.com/title/tt0090655/
860,http://www.imdb.com/title/tt0241357/
862,http://www.imdb.com/title/tt0116705/
863,http://www.imdb.com/title/tt0065777/
864,http://www.imdb.com/title/tt0117119/
865,http://www.imdb.com/title/tt0119349/
866,http://www.imdb.com/title/tt0117038/
867,http://www.imdb.com/title/tt6173150/
868,http://www.imdb.com/title/tt0565364/
869,http://www.imdb.com/title/tt0119141/
870,http://www.imdb.com/title/tt0120357/
871,http://www.imdb.com/title/tt0120434/
872,http://www.imdb.com/title/tt0119572/
873,http://www.imdb.com/title/tt0119896/
874,http://www.imdb.com/title/tt0118818/
875,http://www.imdb.com/title/tt0120112/
876,http://www.imdb.com/title/tt0119695/
877,http://www.imdb.com/title/tt0119086/
878,http://www.imdb.com/title/tt0059793/
879,http://www.imdb.com/title/tt0418117/
880,http://www.imdb.com/title/tt0120169/
881,http://www.imdb.com/title/tt0119695/
882,http://www.imdb.com/title/tt0120481/
883,http://www.imdb.com/title/tt0120303/
884,http://www.imdb.com/title/tt0120539/
885,http://www.imdb.com/title/tt0119891/
886,http://www.imdb.com/title/tt0119535/
887,http://www.imdb.com/title/tt0119080/
888,http://www.imdb.com/title/tt0119832/
889,http://www.imdb.com/title/tt0120275/
890,http://www.imdb.com/title/tt0119707/
891,http://www.imdb.com/title/tt0118698/
892,http://www.imdb.com/title/tt0119137/
893,http://www.imdb.com/title/tt0119142/
894,http://www.imdb.com/title/tt0119303/
895,http://www.imdb.com/title/tt0120082/
896,http://www.imdb.com/title/tt5728946/
897,http://www.imdb.com/title/tt0128755/
898,http://www.imdb.com/title/tt0119925/
899,http://www.imdb.com/title/tt0120521/
900,http://www.imdb.com/title/tt0119485/
901,http://www.imdb.com/title/tt0119718/
902,http://www.imdb.com/title/tt0118715/
903,http://www.imdb.com/title/tt0118566/
904,http://www.imdb.com/title/tt0119590/
905,http://www.imdb.com/title/tt0119223/
906,http://www.imdb.com/title/tt0119843/
907,http://www.imdb.com/title/tt0120881/
908,http://www.imdb.com/title/tt0120693/
909,http://www.imdb.com/title/tt0118892/
910,http://www.imdb.com/title/tt0119792/
911,http://www.imdb.com/title/tt0119594/
912,http://www.imdb.com/title/tt11296940/
913,http://www.imdb.com/title/tt0119574/
914,http://www.imdb.com/title/tt0120890/
915,http://www.imdb.com/title/tt0119942/
916,http://www.imdb.com/title/tt0120738/
917,http://www.imdb.com/title/tt0120749/
918,http://www.imdb.com/title/tt0120632/
919,http://www.imdb.com/title/tt0112682/
920,http://www.imdb.com/title/tt0114753/
921,http://www.imdb.com/title/tt0106332/
922,http://www.imdb.com/title/tt0112817/
923,http://www.imdb.com/title/tt0101640/
924,http://www.imdb.com/title/tt0118158/
925,http://www.imdb.com/title/tt0118040/
926,http://www.imdb.com/title/tt0116130/
927,http://www.imdb.com/title/tt0113083/
928,http://www.imdb.com/title/tt0115963/
929,http://www.imdb.com/title/tt0116493/
930,http://www.imdb.com/title/tt0115857/
931,http://www.imdb.com/title/tt13191064/
932,http://www.imdb.com/title/tt0116311/
933,http://www.imdb.com/title/tt0116378/
934,http://www.imdb.com/title/tt11808060/
935,http://www.imdb.com/title/tt0119859/
936,http://www.imdb.com/title/tt0115744/
937,http://www.imdb.com/title/tt0120323/
938,http://www.imdb.com/title/tt0120151/
939,http://www.imdb.com/title/tt0113870/
940,http://www.imdb.com/title/tt0109068/
941,http://www.imdb.com/title/tt0111732/
942,http://www.imdb.com/title/tt0108551/
943,http://www.imdb.com/title/tt6140916/
944,http://www.imdb.com/title/tt0110971/
945,http://www.imdb.com/title/tt0056923/
946,http://www.imdb.com/title/tt0082406/
947,http://www.imdb.com/title/tt0095250/
948,http://www.imdb.com/title/tt0118750/
949,http://www.imdb.com/title/tt0113347/
950,http://www.imdb.com/title/tt0113158/
951,http://www.imdb.com/title/tt0113419/
952,http://www.imdb.com/title/tt0112541/
953,http://www.imdb.com/title/tt0114798/
954,http://www.imdb.com/title/tt0114805/
955,http://www.imdb.com/title/tt0112471/
956,http://www.imdb.com/title/tt0110684/
957,http://www.imdb.com/title/tt0105652/
959,http://www.imdb.com/title/tt0106677/
960,http://www.imdb.com/title/tt0107653/
961,http://www.imdb.com/title/tt0255451/
962,http://www.imdb.com/title/tt0108000/
963,http://www.imdb.com/title/tt0108181/
964,http://www.imdb.com/title/tt0113849/
965,http://www.imdb.com/title/tt0050419/
966,http://www.imdb.com/title/tt0050105/
967,http://www.imdb.com/title/tt0027893/
968,http://www.imdb.com/title/tt0041509/
969,http://www.imdb.com/title/tt0063819/
970,http://www.imdb.com/title/tt0102014/
971,http://www.imdb.com/title/tt0102426/
972,http://www.imdb.com/title/tt0105107/
973,http://www.imdb.com/title/tt0113212/
974,http://www.imdb.com/title/tt0116260/
975,http://www.imdb.com/title/tt0116287/
976,http://www.imdb.com/title/tt0117688/
977,http://www.imdb.com/title/tt0117774/
978,http://www.imdb.com/title/tt0116508/
979,http://www.imdb.com/title/tt6148556/
980,http://www.imdb.com/title/tt0117093/
981,http://www.imdb.com/title/tt0118927/
982,http://www.imdb.com/title/tt0117011/
983,http://www.imdb.com/title/tt0117473/
984,http://www.imdb.com/title/tt0120107/
985,http://www.imdb.com/title/tt6173172/
986,http://www.imdb.com/title/tt0120390/
987,http://www.imdb.com/title/tt0163964/
988,http://www.imdb.com/title/tt0118691/
989,http://www.imdb.com/title/tt0118829/
990,http://www.imdb.com/title/tt0118623/
991,http://www.imdb.com/title/tt0116762/
992,http://www.imdb.com/title/tt0116502/
993,http://www.imdb.com/title/tt0119282/
994,http://www.imdb.com/title/tt0119502/
995,http://www.imdb.com/title/tt0119465/
996,http://www.imdb.com/title/tt0112499/
997,http://www.imdb.com/title/tt0114571/
998,http://www.imdb.com/title/tt0109361/
999,http://www.imdb.com/title/tt0109443/
1000,http://www.imdb.com/title/tt0110353/
1001,http://www.imdb.com/title/tt0117768/
1002,http://www.imdb.com/title/tt10771528/
1003,http://www.imdb.com/title/tt0059793/
1004,http://www.imdb.com/title/tt0107004/
1006,http://www.imdb.com/title/tt0101458/
1007,http://www.imdb.com/title/tt0118111/
1008,http://www.imdb.com/title/tt0116594/
1009,http://www.imdb.com/title/tt0117737/
1010,http://www.imdb.com/title/tt0115632/
1011,http://www.imdb.com/title/tt0115438/
1012,http://www.imdb.com/title/tt0119951/
1013,http://www.imdb.com/title/tt0118615/
1014,http://www.imdb.com/title/tt0120032/
1015,http://www.imdb.com/title/tt6173324/
1016,http://www.imdb.com/title/tt0118880/
1017,http://www.imdb.com/title/tt0117958/
1018,http://www.imdb.com/title/tt0101026/
1019,http://www.imdb.com/title/tt0097202/
1020,http://www.imdb.com/title/tt0036855/
1021,http://www.imdb.com/title/tt1779227/
1022,http://www.imdb.com/title/tt0119107/
1023,http://www.imdb.com/title/tt0119109/
1024,http://www.imdb.com/title/tt0119723/
1025,http://www.imdb.com/title/tt0119123/
1026,http://www.imdb.com/title/tt0123953/
1027,http://www.imdb.com/title/tt0114432/
1028,http://www.imdb.com/title/tt0113228/
1029,http://www.imdb.com/title/tt0113500/
1030,http://www.imdb.com/title/tt0055662/
1031,http://www.imdb.com/title/tt0110305/
1032,http://www.imdb.com/title/tt0110363/
1033,http://www.imdb.com/title/tt0116552/
1034,http://www.imdb.com/title/tt12586698/
1035,http://www.imdb.com/title/tt0106611/
1036,http://www.imdb.com/title/tt0101775/
1037,http://www.imdb.com/title/tt0084021/
1038,http://www.imdb.com/title/tt0119210/
1039,http://www.imdb.com/title/tt0116477/
1040,http://www.imdb.com/title/tt0118002/
1041,http://www.imdb.com/title/tt0113097/
1042,http://www.imdb.com/title/tt0113501/
1043,http://www.imdb.com/title/tt0114268/
1044,http://www.imdb.com/title/tt0110771/
1045,http://www.imdb.com/title/tt0106881/
1046,http://www.imdb.com/title/tt0107497/
1047,http://www.imdb.com/title/tt0117108/
1048,http://www.imdb.com/title/tt0117628/
1049,http://www.imdb.com/title/tt0116571/
1050,http://www.imdb.com/title/tt0039420/
1051,http://www.imdb.com/title/tt0147760/
1052,http://www.imdb.com/title/tt0112896/
1053,http://www.imdb.com/title/tt0114011/
1054,http://www.imdb.com/title/tt0117102/
1055,http://www.imdb.com/title/tt0111194/
1057,http://www.imdb.com/title/tt0117283/
1058,http://www.imdb.com/title/tt0426841/
1059,http://www.imdb.com/title/tt0116126/
1060,http://www.imdb.com/title/tt0115472/
1061,http://www.imdb.com/title/tt0116240/
1062,http://www.imdb.com/title/tt0119815/
1063,http://www.imdb.com/title/tt0113670/
1064,http://www.imdb.com/title/tt0039286/
1065,http://www.imdb.com/title/tt0085809/
1066,http://www.imdb.com/title/tt0112453/
1067,http://www.imdb.com/title/tt0115734/
1069,http://www.imdb.com/title/tt0109093/
1070,http://www.imdb.com/title/tt0113677/
1071,http://www.imdb.com/title/tt0114095/
1072,http://www.imdb.com/title/tt0114210/
1073,http://www.imdb.com/title/tt0111149/
1074,http://www.imdb.com/title/tt0110950/
1075,http://www.imdb.com/title/tt0110455/
1076,http://www.imdb.com/title/tt0110763/
1077,http://www.imdb.com/title/tt0110395/
1078,http://www.imdb.com/title/tt0095776/
1079,http://www.imdb.com/title/tt0116707/
1080,http://www.imdb.com/title/tt0109485/
1081,http://www.imdb.com/title/tt0115994/
1082,http://www.imdb.com/title/tt0116293/
1083,http://www.imdb.com/title/tt0115495/
1084,http://www.imdb.com/title/tt0112373/
1085,http://www.imdb.com/title/tt0115837/
1086,http://www.imdb.com/title/tt0603482/
1087,http://www.imdb.com/title/tt0112536/
1088,http://www.imdb.com/title/tt0119013/
1089,http://www.imdb.com/title/tt0120179/
1090,http://www.imdb.com/title/tt0108162/
1091,http://www.imdb.com/title/tt0076538/
1092,http://www.imdb.com/title/tt0116059/
1093,http://www.imdb.com/title/tt0113674/
1094,http://www.imdb.com/title/tt0117891/
1095,http://www.imdb.com/title/tt0116531/
1096,http://www.imdb.com/title/tt0115927/
1097,http://www.imdb.com/title/tt0113247/
1098,http://www.imdb.com/title/tt0116324/
1099,http://www.imdb.com/title/tt0110769/
1100,http://www.imdb.com/title/tt0111689/
1101,http://www.imdb.com/title/tt0108149/
1102,http://www.imdb.com/title/tt6154478/
1103,http://www.imdb.com/title/tt0103130/
1105,http://www.imdb.com/title/tt0120670/
1106,http://www.imdb.com/title/tt0120769/
1107,http://www.imdb.com/title/tt0112495/
1108,http://www.imdb.com/title/tt0113044/
1109,http://www.imdb.com/title/tt0109579/
1110,http://www.imdb.com/title/tt0114614/
1111,http://www.imdb.com/title/tt0109655/
1112,http://www.imdb.com/title/tt0109450/
1113,http://www.imdb.com/title/tt0110588/
1114,http://www.imdb.com/title/tt0116269/
1115,http://www.imdb.com/title/tt0698921/
1116,http://www.imdb.com/title/tt0032762/
1117,http://www.imdb.com/title/tt0117791/
1118,http://www.imdb.com/title/tt0078446/
1119,http://www.imdb.com/title/tt0094006/
1120,http://www.imdb.com/title/tt0116601/
1121,http://www.imdb.com/title/tt0058450/
1122,http://www.imdb.com/title/tt0032022/
1123,http://www.imdb.com/title/tt0047162/
1124,http://www.imdb.com/title/tt0022879/
1125,http://www.imdb.com/title/tt0835044/
1126,http://www.imdb.com/title/tt10655676/
1127,http://www.imdb.com/title/tt0120382/
1128,http://www.imdb.com/title/tt0113283/
1129,http://www.imdb.com/title/tt0109424/
1130,http://www.imdb.com/title/tt0110217/
1131,http://www.imdb.com/title/tt0114323/
1132,http://www.imdb.com/title/tt0116289/
1133,http://www.imdb.com/title/tt0072951/
1134,http://www.imdb.com/title/tt0116404/
1135,http://www.imdb.com/title/tt0101761/
1136,http://www.imdb.com/title/tt0116410/
1137,http://www.imdb.com/title/tt0115640/
1138,http://www.imdb.com/title/tt0118702/
1139,http://www.imdb.com/title/tt0113243/
1140,http://www.imdb.com/title/tt6144064/
1141,http://www.imdb.com/title/tt0108515/
1142,http://www.imdb.com/title/tt0118147/
1143,http://www.imdb.com/title/tt0119256/
1144,http://www.imdb.com/title/tt0117422/
1145,http://www.imdb.com/title/tt0109305/
1146,http://www.imdb.com/title/tt0106505/
1147,http://www.imdb.com/title/tt0113896/
1148,http://www.imdb.com/title/tt0111454/
1149,http://www.imdb.com/title/tt0067959/
1150,http://www.imdb.com/title/tt0116827/
1151,http://www.imdb.com/title/tt0117260/
1152,http://www.imdb.com/title/tt0116621/
1154,http://www.imdb.com/title/tt0058898/
1155,http://www.imdb.com/title/tt0114266/
1156,http://www.imdb.com/title/tt0112767/
1157,http://www.imdb.com/title/tt0120004/
1158,http://www.imdb.com/title/tt0113057/
1159,http://www.imdb.com/title/tt0079944/
1160,http://www.imdb.com/title/tt0119578/
1161,http://www.imdb.com/title/tt0117284/
1162,http://www.imdb.com/title/tt0117332/
1163,http://www.imdb.com/title/tt0117364/
1164,http://www.imdb.com/title/tt0120550/
1165,http://www.imdb.com/title/tt0115676/
1166,http://www.imdb.com/title/tt0107447/
1167,http://www.imdb.com/title/tt0111309/
1168,http://www.imdb.com/title/tt0107426/
1169,http://www.imdb.com/title/tt0109842/
1170,http://www.imdb.com/title/tt0111252/
1171,http://www.imdb.com/title/tt0111019/
1172,http://www.imdb.com/title/tt11549746/
1173,http://www.imdb.com/title/tt0118742/
1174,http://www.imdb.com/title/tt0115847/
1175,http://www.imdb.com/title/tt0119327/
1176,http://www.imdb.com/title/tt0120490/
1177,http://www.imdb.com/title/tt0116151/
1179,http://www.imdb.com/title/tt0113755/
1180,http://www.imdb.com/title/tt0110093/
1181,http://www.imdb.com/title/tt0110399/
1182,http://www.imdb.com/title/tt0109480/
1183,http://www.imdb.com/title/tt0109493/
1184,http://www.imdb.com/title/tt6140852/
1185,http://www.imdb.com/title/tt0110123/
1186,http://www.imdb.com/title/tt0110137/
1187,http://www.imdb.com/title/tt5280898/
1188,http://www.imdb.com/title/tt0100994/
1189,http://www.imdb.com/title/tt0119937/
1190,http://www.imdb.com/title/tt0120318/
1191,http://www.imdb.com/title/tt0119521/
1193,http://www.imdb.com/title/tt0110882/
1194,http://www.imdb.com/title/tt0110729/
1195,http://www.imdb.com/title/tt0106966/
1196,http://www.imdb.com/title/tt0105032/
1197,http://www.imdb.com/title/tt0116275/
1198,http://www.imdb.com/title/tt0054189/
1199,http://www.imdb.com/title/tt2332155/
1200,http://www.imdb.com/title/tt0042644/
1201,http://www.imdb.com/title/tt0116992/
1202,http://www.imdb.com/title/tt0109255/
1203,http://www.imdb.com/title/tt0027125/
1204,http://www.imdb.com/title/tt0035446/
1205,http://www.imdb.com/title/tt0865124/
1206,http://www.imdb.com/title/tt0106266/
1207,http://www.imdb.com/title/tt0113451/
1208,http://www.imdb.com/title/tt0113552/
1209,http://www.imdb.com/title/tt0110538/
1210,http://www.imdb.com/title/tt0114857/
1211,http://www.imdb.com/title/tt0109306/
1212,http://www.imdb.com/title/tt0106926/
1213,http://www.imdb.com/title/tt0107057/
1214,http://www.imdb.com/title/tt0074102/
1215,http://www.imdb.com/title/tt0115624/
1216,http://www.imdb.com/title/tt0116783/
1217,http://www.imdb.com/title/tt0112401/
1218,http://www.imdb.com/title/tt0113118/
1219,http://www.imdb.com/title/tt0113198/
1220,http://www.imdb.com/title/tt0113305/
1221,http://www.imdb.com/title/tt0111693/
1222,http://www.imdb.com/title/tt0107286/
1223,http://www.imdb.com/title/tt0107322/
1224,http://www.imdb.com/title/tt0111094/
1225,http://www.imdb.com/title/tt0112368/
1226,http://www.imdb.com/title/tt0119783/
1227,http://www.imdb.com/title/tt0112427/
1228,http://www.imdb.com/title/tt0114781/
1229,http://www.imdb.com/title/tt0114151/
1230,http://www.imdb.com/title/tt0110907/
1231,http://www.imdb.com/title/tt0100114/
1232,http://www.imdb.com/title/tt0102370/
1234,http://www.imdb.com/title/tt0118836/
1235,http://www.imdb.com/title/tt10412318/
1236,http://www.imdb.com/title/tt0119845/
1237,http://www.imdb.com/title/tt0117994/
1238,http://www.imdb.com/title/tt0118230/
1239,http://www.imdb.com/title/tt0112760/
1240,http://www.imdb.com/title/tt0113568/
1241,http://www.imdb.com/title/tt0116583/
1242,http://www.imdb.com/title/tt0103207/
1243,http://www.imdb.com/title/tt0119784/
1244,http://www.imdb.com/title/tt0119664/
1245,http://www.imdb.com/title/tt0119225/
1246,http://www.imdb.com/title/tt0112602/
1247,http://www.imdb.com/title/tt0109198/
1248,http://www.imdb.com/title/tt6130672/
1249,http://www.imdb.com/title/tt0106941/
1250,http://www.imdb.com/title/tt0112483/
1251,http://www.imdb.com/title/tt0117050/
1253,http://www.imdb.com/title/tt0114666/
1254,http://www.imdb.com/title/tt0119214/
1255,http://www.imdb.com/title/tt0115760/
1256,http://www.imdb.com/title/tt0118964/
1257,http://www.imdb.com/title/tt0118964/
1258,http://www.imdb.com/title/tt0120373/
1259,http://www.imdb.com/title/tt0114131/
1260,http://www.imdb.com/title/tt0114702/
1261,http://www.imdb.com/title/tt6148958/
1262,http://www.imdb.com/title/tt0118113/
1263,http://www.imdb.com/title/tt0116353/
1264,http://www.imdb.com/title/tt0110693/
1265,http://www.imdb.com/title/tt0120197/
1267,http://www.imdb.com/title/tt0112688/
1268,http://www.imdb.com/title/tt0104779/
1269,http://www.imdb.com/title/tt0050658/
1270,http://www.imdb.com/title/tt0107413/
1271,http://www.imdb.com/title/tt0110687/
1272,http://www.imdb.com/title/tt0111357/
1273,http://www.imdb.com/title/tt0109456/
1274,http://www.imdb.com/title/tt0107978/
1275,http://www.imdb.com/title/tt0110259/
1276,http://www.imdb.com/title/tt0117784/
1277,http://www.imdb.com/title/tt0117603/
1278,http://www.imdb.com/title/tt0120094/
1279,http://www.imdb.com/title/tt0120512/
1280,http://www.imdb.com/title/tt0118900/
1281,http://www.imdb.com/title/tt0116985/
1282,http://www.imdb.com/title/tt0113211/
1283,http://www.imdb.com/title/tt0119848/
1284,http://www.imdb.com/title/tt0115645/
1285,http://www.imdb.com/title/tt0110892/
1286,http://www.imdb.com/title/tt0358135/
1287,http://www.imdb.com/title/tt0116165/
1288,http://www.imdb.com/title/tt0112844/
1289,http://www.imdb.com/title/tt0113448/
1290,http://www.imdb.com/title/tt0109491/
1291,http://www.imdb.com/title/tt0115851/
1292,http://www.imdb.com/title/tt0120133/
1293,http://www.imdb.com/title/tt0120478/
1294,http://www.imdb.com/title/tt0118662/
1295,http://www.imdb.com/title/tt0119457/
1296,http://www.imdb.com/title/tt0107212/
1297,http://www.imdb.com/title/tt0110391/
1298,http://www.imdb.com/title/tt0045537/
1299,http://www.imdb.com/title/tt0034012/
1300,http://www.imdb.com/title/tt0118523/
1301,http://www.imdb.com/title/tt0083131/
1302,http://www.imdb.com/title/tt0116834/
1303,http://www.imdb.com/title/tt0109890/
1305,http://www.imdb.com/title/tt0113936/
1306,http://www.imdb.com/title/tt0109593/
1307,http://www.imdb.com/title/tt0109381/
1308,http://www.imdb.com/title/tt0109191/
1309,http://www.imdb.com/title/tt0072362/
1310,http://www.imdb.com/title/tt0038235/
1311,http://www.imdb.com/title/tt0114885/
1312,http://www.imdb.com/title/tt6154608/
1313,http://www.imdb.com/title/tt0120782/
1314,http://www.imdb.com/title/tt0111323/
1315,http://www.imdb.com/title/tt0119381/
1316,http://www.imdb.com/title/tt0472232/
1317,http://www.imdb.com/title/tt0113490/
1318,http://www.imdb.com/title/tt0112646/
1319,http://www.imdb.com/title/tt0113952/
1320,http://www.imdb.com/title/tt0113319/
1321,http://www.imdb.com/title/tt1432733/
1323,http://www.imdb.com/title/tt0111752/
1324,http://www.imdb.com/title/tt0110374/
1325,http://www.imdb.com/title/tt0115591/
1326,http://www.imdb.com/title/tt0115742/
1327,http://www.imdb.com/title/tt0109374/
1328,http://www.imdb.com/title/tt0110712/
1329,http://www.imdb.com/title/tt0125877/
1330,http://www.imdb.com/title/tt0111546/
1331,http://www.imdb.com/title/tt0113610/
1332,http://www.imdb.com/title/tt0106810/
1333,http://www.imdb.com/title/tt0111180/
1334,http://www.imdb.com/title/tt0111237/
1335,http://www.imdb.com/title/tt0115530/
1336,http://www.imdb.com/title/tt0116756/
1337,http://www.imdb.com/title/tt0116823/
1338,http://www.imdb.com/title/tt0117999/
1339,http://www.imdb.com/title/tt0108220/
1341,http://www.imdb.com/title/tt0104403/
1342,http://www.imdb.com/title/tt0112716/
1343,http://www.imdb.com/title/tt0113695/
1346,http://www.imdb.com/title/tt0103428/
1347,http://www.imdb.com/title/tt0051980/
1348,http://www.imdb.com/title/tt6111598/
1349,http://www.imdb.com/title/tt0107575/
1350,http://www.imdb.com/title/tt0042054/
1352,http://www.imdb.com/title/tt0075169/
1353,http://www.imdb.com/title/tt0109001/
1354,http://www.imdb.com/title/tt0105729/
1355,http://www.imdb.com/title/tt0116635/
1356,http://www.imdb.com/title/tt0116167/
1357,http://www.imdb.com/title/tt0110665/
1358,http://www.imdb.com/title/tt0645145/
1360,http://www.imdb.com/title/tt0111622/
1361,http://www.imdb.com/title/tt0117577/
1362,http://www.imdb.com/title/tt0115531/
1363,http://www.imdb.com/title/tt0116859/
1364,http://www.imdb.com/title/tt0795734/
1365,http://www.imdb.com/title/tt4440776/
1367,http://www.imdb.com/title/tt0111959/
1368,http://www.imdb.com/title/tt0110521/
1370,http://www.imdb.com/title/tt0110171/
1371,http://www.imdb.com/title/tt0109575/
1372,http://www.imdb.com/title/tt0109647/
1373,http://www.imdb.com/title/tt0067152/
1374,http://www.imdb.com/title/tt0080714/
1375,http://www.imdb.com/title/tt0106535/
1376,http://www.imdb.com/title/tt0119644/
1377,http://www.imdb.com/title/tt0116565/
1378,http://www.imdb.com/title/tt0120014/
1379,http://www.imdb.com/title/tt0116931/
1380,http://www.imdb.com/title/tt0113314/
1381,http://www.imdb.com/title/tt0116920/
1382,http://www.imdb.com/title/tt0058985/
1383,http://www.imdb.com/title/tt0120087/
1384,http://www.imdb.com/title/tt0115680/
1385,http://www.imdb.com/title/tt0120034/
1386,http://www.imdb.com/title/tt0105569/
1387,http://www.imdb.com/title/tt0119098/
1388,http://www.imdb.com/title/tt0116384/
1389,http://www.imdb.com/title/tt0118163/
1390,http://www.imdb.com/title/tt0113425/
1391,http://www.imdb.com/title/tt0116334/
1392,http://www.imdb.com/title/tt0119557/
1393,http://www.imdb.com/title/tt0120192/
1394,http://www.imdb.com/title/tt0120257/
1395,http://www.imdb.com/title/tt0119338/
1396,http://www.imdb.com/title/tt0114550/
1397,http://www.imdb.com/title/tt0025586/
1398,http://www.imdb.com/title/tt2661954/
1399,http://www.imdb.com/title/tt0120222/
1400,http://www.imdb.com/title/tt0114129/
1401,http://www.imdb.com/title/tt0107468/
1402,http://www.imdb.com/title/tt0107225/
1404,http://www.imdb.com/title/tt11188124/
1405,http://www.imdb.com/title/tt0118762/
1406,http://www.imdb.com/title/tt0114916/
1407,http://www.imdb.com/title/tt0111255/
1409,http://www.imdb.com/title/tt0149215/
1410,http://www.imdb.com/title/tt0107079/
1411,http://www.imdb.com/title/tt0062711/
1412,http://www.imdb.com/title/tt7926508/
1413,http://www.imdb.com/title/tt0111301/
1414,http://www.imdb.com/title/tt0112702/
1415,http://www.imdb.com/title/tt0110657/
1416,http://www.imdb.com/title/tt0110678/
1417,http://www.imdb.com/title/tt0105660/
1418,http://www.imdb.com/title/tt1929928/
1419,http://www.imdb.com/title/tt6855528/
1421,http://www.imdb.com/title/tt0107566/
1422,http://www.imdb.com/title/tt0108260/
1423,http://www.imdb.com/title/tt7221066/
1424,http://www.imdb.com/title/tt0110091/
1425,http://www.imdb.com/title/tt0110097/
1426,http://www.imdb.com/title/tt0116442/
1427,http://www.imdb.com/title/tt0112907/
1428,http://www.imdb.com/title/tt6173150/
1429,http://www.imdb.com/title/tt0120148/
1430,http://www.imdb.com/title/tt0119352/
1431,http://www.imdb.com/title/tt0130073/
1432,http://www.imdb.com/title/tt0120751/
1433,http://www.imdb.com/title/tt0119655/
1434,http://www.imdb.com/title/tt0120122/
1435,http://www.imdb.com/title/tt0114536/
1436,http://www.imdb.com/title/tt0107611/
1437,http://www.imdb.com/title/tt0110064/
1438,http://www.imdb.com/title/tt0114084/
1439,http://www.imdb.com/title/tt0110186/
1440,http://www.imdb.com/title/tt0109035/
1441,http://www.imdb.com/title/tt0113851/
1442,http://www.imdb.com/title/tt4368688/
1443,http://www.imdb.com/title/tt0109021/
1444,http://www.imdb.com/title/tt0059793/
1445,http://www.imdb.com/title/tt0110296/
1446,http://www.imdb.com/title/tt0112606/
1447,http://www.imdb.com/title/tt0106537/
1448,http://www.imdb.com/title/tt0107471/
1449,http://www.imdb.com/title/tt0048473/
1450,http://www.imdb.com/title/tt0039428/
1451,http://www.imdb.com/title/tt0032484/
1452,http://www.imdb.com/title/tt0036094/
1453,http://www.imdb.com/title/tt0038300/
1454,http://www.imdb.com/title/tt0039152/
1455,http://www.imdb.com/title/tt0036241/
1456,http://www.imdb.com/title/tt0046414/
1457,http://www.imdb.com/title/tt0116928/
1458,http://www.imdb.com/title/tt0028757/
1459,http://www.imdb.com/title/tt0113731/
1460,http://www.imdb.com/title/tt0114472/
1461,http://www.imdb.com/title/tt0026465/
1462,http://www.imdb.com/title/tt0115491/
1463,http://www.imdb.com/title/tt0118804/
1464,http://www.imdb.com/title/tt0114534/
1465,http://www.imdb.com/title/tt0113612/
1466,http://www.imdb.com/title/tt0113774/
1467,http://www.imdb.com/title/tt0108026/
1468,http://www.imdb.com/title/tt0112757/
1469,http://www.imdb.com/title/tt0112302/
1470,http://www.imdb.com/title/tt0113234/
1471,http://www.imdb.com/title/tt0113303/
1472,http://www.imdb.com/title/tt0108500/
1473,http://www.imdb.com/title/tt8630140/
1474,http://www.imdb.com/title/tt0110671/
1475,http://www.imdb.com/title/tt0106408/
1476,http://www.imdb.com/title/tt0040723/
1477,http://www.imdb.com/title/tt0119791/
1478,http://www.imdb.com/title/tt0112819/
1479,http://www.imdb.com/title/tt0114241/
1480,http://www.imdb.com/title/tt0071607/
1481,http://www.imdb.com/title/tt0111048/
1482,http://www.imdb.com/title/tt0113147/
1483,http://www.imdb.com/title/tt0120744/
1484,http://www.imdb.com/title/tt6145980/
1485,http://www.imdb.com/title/tt0109454/
1486,http://www.imdb.com/title/tt0113173/
1487,http://www.imdb.com/title/tt0106834/
1488,http://www.imdb.com/title/tt0107002/
1489,http://www.imdb.com/title/tt0109403/
1490,http://www.imdb.com/title/tt0106878/
1491,http://www.imdb.com/title/tt0114706/
1492,http://www.imdb.com/title/tt0110719/
1493,http://www.imdb.com/title/tt0113839/
1494,http://www.imdb.com/title/tt0110570/
1495,http://www.imdb.com/title/tt0113080/
1496,http://www.imdb.com/title/tt0115836/
1497,http://www.imdb.com/title/tt2147657/
1498,http://www.imdb.com/title/tt0113031/
1499,http://www.imdb.com/title/tt2971774/
1500,http://www.imdb.com/title/tt0117550/
1502,http://www.imdb.com/title/tt0110623/
1503,http://www.imdb.com/title/tt0113188/
1504,http://www.imdb.com/title/tt0109255/
1505,http://www.imdb.com/title/tt0113542/
1506,http://www.imdb.com/title/tt0113947/
1507,http://www.imdb.com/title/tt0117968/
1508,http://www.imdb.com/title/tt0630190/
1509,http://www.imdb.com/title/tt0109891/
1510,http://www.imdb.com/title/tt0116953/
1511,http://www.imdb.com/title/tt0115886/
1512,http://www.imdb.com/title/tt0052572/
1513,http://www.imdb.com/title/tt0120190/
1514,http://www.imdb.com/title/tt0119019/
1515,http://www.imdb.com/title/tt0114952/
1517,http://www.imdb.com/title/tt0117427/
1518,http://www.imdb.com/title/tt0113691/
1519,http://www.imdb.com/title/tt0113967/
1520,http://www.imdb.com/title/tt0113043/
1521,http://www.imdb.com/title/tt0107613/
1522,http://www.imdb.com/title/tt0111488/
1523,http://www.imdb.com/title/tt0109920/
1524,http://www.imdb.com/title/tt0110246/
1525,http://www.imdb.com/title/tt0120772/
1526,http://www.imdb.com/title/tt0090329/
1527,http://www.imdb.com/title/tt0120820/
1528,http://www.imdb.com/title/tt0119809/
1529,http://www.imdb.com/title/tt0114787/
1530,http://www.imdb.com/title/tt0113463/
1531,http://www.imdb.com/title/tt0113028/
1532,http://www.imdb.com/title/tt0109828/
1533,http://www.imdb.com/title/tt0106678/
1534,http://www.imdb.com/title/tt0120394/
1537,http://www.imdb.com/title/tt0115951/
1538,http://www.imdb.com/title/tt0118586/
1539,http://www.imdb.com/title/tt2125042/
1540,http://www.imdb.com/title/tt0112342/
1541,http://www.imdb.com/title/tt0109226/
1542,http://www.imdb.com/title/tt4368688/
1543,http://www.imdb.com/title/tt0116714/
1544,http://www.imdb.com/title/tt0113442/
1545,http://www.imdb.com/title/tt0113107/
1546,http://www.imdb.com/title/tt0094878/
1547,http://www.imdb.com/title/tt0114436/
1548,http://www.imdb.com/title/tt0112727/
1549,http://www.imdb.com/title/tt0112899/
1550,http://www.imdb.com/title/tt0112854/
1551,http://www.imdb.com/title/tt0109906/
1552,http://www.imdb.com/title/tt0113360/
1553,http://www.imdb.com/title/tt8883472/
1554,http://www.imdb.com/title/tt0111054/
1555,http://www.imdb.com/title/tt0108069/
1556,http://www.imdb.com/title/tt0112712/
1558,http://www.imdb.com/title/tt0048956/
1559,http://www.imdb.com/title/tt0110061/
1560,http://www.imdb.com/title/tt0082206/
1561,http://www.imdb.com/title/tt0111430/
1563,http://www.imdb.com/title/tt0111613/
1564,http://www.imdb.com/title/tt0103095/
1565,http://www.imdb.com/title/tt0104046/
1566,http://www.imdb.com/title/tt0031612/
1567,http://www.imdb.com/title/tt0103926/
1568,http://www.imdb.com/title/tt0105737/
1570,http://www.imdb.com/title/tt0105201/
1571,http://www.imdb.com/title/tt0070820/
1572,http://www.imdb.com/title/tt0084898/
1573,http://www.imdb.com/title/tt0063715/
1574,http://www.imdb.com/title/tt0114122/
1575,http://www.imdb.com/title/tt0100990/
1576,http://www.imdb.com/title/tt0093199/
1577,http://www.imdb.com/title/tt0049521/
1578,http://www.imdb.com/title/tt0061495/
1579,http://www.imdb.com/title/tt0094822/
1580,http://www.imdb.com/title/tt0024252/
1581,http://www.imdb.com/title/tt0043140/
1582,http://www.imdb.com/title/tt0039881/
1583,http://www.imdb.com/title/tt0092281/
1584,http://www.imdb.com/title/tt3697948/
1585,http://www.imdb.com/title/tt0099028/
1587,http://www.imdb.com/title/tt0052287/
1588,http://www.imdb.com/title/tt0117544/
1589,http://www.imdb.com/title/tt0117561/
1590,http://www.imdb.com/title/tt1929993/
1591,http://www.imdb.com/title/tt0112913/
1592,http://www.imdb.com/title/tt3624934/
1593,http://www.imdb.com/title/tt0101692/
1594,http://www.imdb.com/title/tt0120661/
1595,http://www.imdb.com/title/tt0111173/
1596,http://www.imdb.com/title/tt0113948/
1597,http://www.imdb.com/title/tt0105275/
1598,http://www.imdb.com/title/tt0118859/
1599,http://www.imdb.com/title/tt0114494/
1600,http://www.imdb.com/title/tt0109949/
1601,http://www.imdb.com/title/tt0119819/
1602,http://www.imdb.com/title/tt0120793/
1603,http://www.imdb.com/title/tt0112364/
1604,http://www.imdb.com/title/tt0040427/
1605,http://www.imdb.com/title/tt0116930/
1606,http://www.imdb.com/title/tt0119527/
1607,http://www.imdb.com/title/tt0119338/
1608,http://www.imdb.com/title/tt0118787/
1609,http://www.imdb.com/title/tt0118663/
1610,http://www.imdb.com/title/tt0120383/
1611,http://www.imdb.com/title/tt0116643/
1612,http://www.imdb.com/title/tt0984308/
1613,http://www.imdb.com/title/tt0114690/
1614,http://www.imdb.com/title/tt0052126/
1615,http://www.imdb.com/title/tt0120479/
1616,http://www.imdb.com/title/tt0112849/
1617,http://www.imdb.com/title/tt0119327/
1618,http://www.imdb.com/title/tt0099939/
1620,http://www.imdb.com/title/tt0120142/
1621,http://www.imdb.com/title/tt0112604/
1622,http://www.imdb.com/title/tt0107779/
1624,http://www.imdb.com/title/tt0118744/
1625,http://www.imdb.com/title/tt0119791/
1626,http://www.imdb.com/title/tt0110251/
1627,http://www.imdb.com/title/tt0112126/
1628,http://www.imdb.com/title/tt0110299/
1629,http://www.imdb.com/title/tt0113973/
1631,http://www.imdb.com/title/tt0107349/
1632,http://www.imdb.com/title/tt0114671/
1634,http://www.imdb.com/title/tt0109751/
1635,http://www.imdb.com/title/tt0092123/
1636,http://www.imdb.com/title/tt0112586/
1637,http://www.imdb.com/title/tt0116418/
1638,http://www.imdb.com/title/tt0117202/
1640,http://www.imdb.com/title/tt0064222/
1641,http://www.imdb.com/title/tt0112777/
1642,http://www.imdb.com/title/tt0117690/
1643,http://www.imdb.com/title/tt0112362/
1644,http://www.imdb.com/title/tt0117775/
1645,http://www.imdb.com/title/tt6173702/
1646,http://www.imdb.com/title/tt0119657/
1647,http://www.imdb.com/title/tt0119250/
1648,http://www.imdb.com/title/tt0119780/
1649,http://www.imdb.com/title/tt0124295/
1650,http://www.imdb.com/title/tt6173702/
1651,http://www.imdb.com/title/tt0120176/
1652,http://www.imdb.com/title/tt0116295/
1653,http://www.imdb.com/title/tt0116212/
1654,http://www.imdb.com/title/tt0118836/
1655,http://www.imdb.com/title/tt4478446/
1656,http://www.imdb.com/title/tt0536773/
1657,http://www.imdb.com/title/tt0114618/
1658,http://www.imdb.com/title/tt0117773/
1659,http://www.imdb.com/title/tt0116405/
1660,http://www.imdb.com/title/tt0114474/
1661,http://www.imdb.com/title/tt0110649/
1662,http://www.imdb.com/title/tt0114303/
1663,http://www.imdb.com/title/tt0114007/
1664,http://www.imdb.com/title/tt0118541/
1665,http://www.imdb.com/title/tt0118783/
1666,http://www.imdb.com/title/tt0117482/
1667,http://www.imdb.com/title/tt12209798/
1668,http://www.imdb.com/title/tt0118127/
1669,http://www.imdb.com/title/tt0116949/
1670,http://www.imdb.com/title/tt0128690/
1672,http://www.imdb.com/title/tt0107315/
1673,http://www.imdb.com/title/tt0113827/
1674,http://www.imdb.com/title/tt0056215/
1675,http://www.imdb.com/title/tt0117781/
1676,http://www.imdb.com/title/tt0118117/
1677,http://www.imdb.com/title/tt0114592/
1678,http://www.imdb.com/title/tt0119711/
1679,http://www.imdb.com/title/tt0120594/
1680,http://www.imdb.com/title/tt0120148/
1681,http://www.imdb.com/title/tt0111804/
1682,http://www.imdb.com/title/tt0102855/
